Algorithmus,100 Elemente,1000 Elemente,10000 Elemente
bubble_sort,0.0,0.09135603904724121,11.231829166412354
insertion_sort,0.0,0.0718228816986084,4.761305570602417
selection_sort,0.0,0.050261735916137695,4.880216836929321
merge_sort,0.0,0.010081291198730469,0.030129671096801758
quick_sort,0.0,0.009998559951782227,0.030493497848510742
heap_sort,0.0,0.010044097900390625,0.07665085792541504
